Designator,Footprint,Quantity,Value,LCSC Part #
J9,Banana_Jack_1Pin,1,pwm,
J28,Pin_D1.4mm_L8.5mm_W2.8mm_FlatFork,1,DC+_From_Brick,
R70,R_0805_2012Metric,1,270k,
fine1,MusicThingModular-9MM_SNAP-IN_POT,1,100k,
Q2,SOT-23,1,BC857,
R88,R_0805_2012Metric,1,2k2,
R81,R_0805_2012Metric,1,4k7,
R69,R_0805_2012Metric,1,560k,
R133,R_0805_2012Metric,1,RLED,
C36,C_0805_2012Metric,1,1n,
C31,C_0805_2012Metric,1,100n,
IC4,SO-8_3.9x4.9mm_P1.27mm,1,TL072,
C1,C_0805_2012Metric,1,1200p,
R86,R_0805_2012Metric,1,82k,
RUNGLER_A1,MusicThingModular-9MM_SNAP-IN_POT,1,10k,
F1,Fuse_1812_4532Metric,1,mSMD030,
J7,Banana_Jack_1Pin,1,p1,
R57,R_0805_2012Metric,1,1M,
IC3,SO-16_3.9x9.9mm_P1.27mm,1,SSI2164,
R7,R_0805_2012Metric,1,10k,
LOOP_OFFSET1,MusicThingModular-9MM_SNAP-IN_POT,1,10k,
R130,R_0805_2012Metric,1,100k,
R66,R_0805_2012Metric,1,20k,
damp1,MusicThingModular-9MM_SNAP-IN_POT,1,100k,
IC8,SOT-89-3,1,LM79L09,
R24,R_0805_2012Metric,1,30k,
R148,R_0805_2012Metric,1,22k,
R122,R_0805_2012Metric,1,100k,
R149,R_0805_2012Metric,1,100k,
R73,R_0805_2012Metric,1,2k,
C47,C_0805_2012Metric,1,100n,
R42,R_0805_2012Metric,1,51k,
D33,SOD-123,1,1N5819HW-7-F,1N5819HW-7-F
J1,Banana_Jack_1Pin,1,freq_cv_in_a,
IC2,SO-14_3.9x8.65mm_P1.27mm,1,TL074,
R116,R_0805_2012Metric,1,100k,
R43,R_0805_2012Metric,1,51k,
R45,R_0805_2012Metric,1,100k,
U7,SOIC-14_3.9x8.7mm_P1.27mm,1,TL074,
C9,C_0805_2012Metric,1,1200p,
R97,R_0805_2012Metric,1,10k,
C14,C_0805_2012Metric,1,100n,
R11,R_0805_2012Metric,1,100k,
D25,D_SOD-123,1,1N4148W,
R6,R_0805_2012Metric,1,51k,
R25,R_0805_2012Metric,1,30k,
FREQ_CV_A1,MusicThingModular-9MM_SNAP-IN_POT,1,10k,
C38,C_0805_2012Metric,1,1n,
R40,R_0805_2012Metric,1,1k5,
D6,D_SOD-123,1,1N4148W,
R21,R_0805_2012Metric,1,62k,
R131,R_0805_2012Metric,1,10k,
C53,C_0805_2012Metric,1,100n,
Q3,SOT-23,1,BC847,
R147,R_0805_2012Metric,1,RLED,
J25,Banana_Jack_1Pin,1,damp_mod,
C6,C_0805_2012Metric,1,1200p,
R23,R_0805_2012Metric,1,30k,
R119,R_0805_2012Metric,1,47k,
IC9,SO-8_3.9x4.9mm_P1.27mm,1,TL072,
C28,C_0805_2012Metric,1,100n,
D7,D_SOD-123,1,1N4004,
C11,C_0805_2012Metric,1,100n,
R80,R_0805_2012Metric,1,33k,
R28,R_0805_2012Metric,1,30k,
C13,C_0805_2012Metric,1,100n,
R107,R_0805_2012Metric,1,100k,
R128,R_0805_2012Metric,1,100k,
U1,SOIC-16_3.9x9.9mm_P1.27mm,1,LM13700,
J22,Banana_Jack_1Pin,1,out X,
R3,R_0805_2012Metric,1,30k,
R91,R_0805_2012Metric,1,1k,
R16,R_0805_2012Metric,1,30k,
J20,Banana_Jack_1Pin,1,out -Y,
C35,C_0805_2012Metric,1,1n,
RESONANCE1,MusicThingModular-9MM_SNAP-IN_POT,1,10k,
J2,Banana_Jack_1Pin,1,freq_cv_in_b,
R106,R_0805_2012Metric,1,39k,
R72,R_0805_2012Metric,1,100k,
C2,C_0805_2012Metric,1,1200p,
J11,Banana_Jack_1Pin,1,xor,
D24,D_SOD-123,1,4V7,
R141,R_0805_2012Metric,1,100k,
R77,R_0805_2012Metric,1,18k,
R138,R_0805_2012Metric,1,100k,
D12,D_SOD-123,1,1N5819,
D5,D_SOD-123,1,1N4148W,
SW1,SW_Toggle_Blue_wSlots,1,SUBMINI_SPDT,
R98,R_0805_2012Metric,1,1k,
C30,C_0805_2012Metric,1,100n,
J5,Banana_Jack_1Pin,1,t1,
Q1,SOT-23-3,1,3904,MMBT3904LT1G
R53,R_0805_2012Metric,1,220R,
R68,R_0805_2012Metric,1,100k,
C10,C_0805_2012Metric,1,220p,
R26,R_0805_2012Metric,1,15k,
R12,R_0805_2012Metric,1,100k,
R74,R_0805_2012Metric,1,120k,
R55,R_0805_2012Metric,1,220k,
RUNGLER_FILTER1,MusicThingModular-9MM_SNAP-IN_POT,1,10k,
D4,D_SOD-123,1,1N4148W,
C39,C_0805_2012Metric,1,100n,
C5,C_0805_2012Metric,1,100n,
R71,R_0805_2012Metric,1,120k,
R144,R_0805_2012Metric,1,1k,
R27,R_0805_2012Metric,1,30k,
R139,R_0805_2012Metric,1,10k,
R44,R_0805_2012Metric,1,100k,
D23,D_SOD-123,1,1N4148W,
R134,R_0805_2012Metric,1,100k,
R109,R_0805_2012Metric,1,1k,
R47,R_0805_2012Metric,1,30k,
RUNGLER_B1,MusicThingModular-9MM_SNAP-IN_POT,1,10k,
J24,Banana_Jack_1Pin,1,rate_mod,
C22,C_0805_2012Metric,1,100n,
C23,C_0805_2012Metric,1,100n,
C37,C_0805_2012Metric,1,1n,
U9,DIP1549W45P254L3404H940Q24,1,DJ06D2412A,
J17,Banana_Jack_1Pin,1,out Z,
FREQ_B1,MusicThingModular-9MM_SNAP-IN_POT,1,10k,
R126,R_0805_2012Metric,1,220R,
D28,LED_D3.0mm_Clear,1,LED_Dual_Bidirectional_Z,
J26,Pin_D1.4mm_L8.5mm_W2.8mm_FlatFork,1,banana gnd,
C40,C_0805_2012Metric,1,100n,
R114,R_0805_2012Metric,1,100k,
R19,R_0805_2012Metric,1,30k,
R15,R_0805_2012Metric,1,30k,
C48,C_0805_2012Metric,1,100n,
C15,CAPAE430X610N,1,22µ,
J6,Banana_Jack_1Pin,1,t2,
R58,R_0805_2012Metric,1,68k,
R82,R_0805_2012Metric,1,18k,
J29,Pin_D1.4mm_L8.5mm_W2.8mm_FlatFork,1,GND_From_Brick,
J23,Banana_Jack_1Pin,1,gain_mod,
C25,C_0805_2012Metric,1,100n,
R48,R_0805_2012Metric,1,30k,
J18,Banana_Jack_1Pin,1,out -Z,
R8,R_0805_2012Metric,1,10k,
R142,R_0805_2012Metric,1,RLED,
R13,R_0805_2012Metric,1,15k,
R50,R_0805_2012Metric,1,470k,
C3,C_0805_2012Metric,1,1n,
D16,D_SOD-123,1,1N4148W,
D2,D_SOD-123,1,1N4148W,
C17,C_0805_2012Metric,1,100n,
R60,R_0805_2012Metric,1,68k,
R51,R_0805_2012Metric,1,82k,
D32,LED_D3.0mm_Clear,1,LED_Dual_Bidirectional_X,
R78,R_0805_2012Metric,1,2k2,
C52,C_0805_2012Metric,1,100n,
R118,R_0805_2012Metric,1,10k,
R135,R_0805_2012Metric,1,220R,
gain1,MusicThingModular-9MM_SNAP-IN_POT,1,100k,
R67,R_0805_2012Metric,1,220k,
R93,R_0805_2012Metric,1,33k,
shape1,MusicThingModular-9MM_SNAP-IN_POT,1,100k,
R10,R_0805_2012Metric,1,220R,
R29,R_0805_2012Metric,1,10k,
R125,R_0805_2012Metric,1,47k,
J4,Banana_Jack_1Pin,1,p2,
C24,C_0805_2012Metric,1,100n,
FREQ_A1,MusicThingModular-9MM_SNAP-IN_POT,1,10k,
R83,R_0805_2012Metric,1,220k,
C32,C_0805_2012Metric,1,33p,
R38,R_0805_2012Metric,1,10k,
R89,R_0805_2012Metric,1,220R,
R108,R_0805_2012Metric,1,220R,
D10,D_SOD-123,1,1N4004,
R94,R_0805_2012Metric,1,100k,
C12,C_0805_2012Metric,1,100n,
U8,SOIC-14_3.9x8.7mm_P1.27mm,1,TL074,
IC1,SO-16_3.9x9.9mm_P1.27mm,1,4021D,
R85,R_0805_2012Metric,1,100k,
D19,D_SOD-123,1,1N4148W,
FREQ_CV_B1,MusicThingModular-9MM_SNAP-IN_POT,1,10k,
Q5,SOT-23,1,BC857,
J14,PinHeader_1x02_P2.54mm_Vertical,1,Limiter_Bypass,
R35,R_0805_2012Metric,1,51k,
D14,D_SOD-123,1,1N4148W,
J30,Molex_KK-396_5273-04A_1x04_P3.96mm_Vertical_copy,1,Conn_01x04_Male,
R145,R_0805_2012Metric,1,1k,
R79,R_0805_2012Metric,1,120k,
J12,Banana_Jack_1Pin,1,freq_cv_in_filter,
C29,C_0805_2012Metric,1,33p,
rate1,MusicThingModular-9MM_SNAP-IN_POT,1,100k,
J10,Banana_Jack_1Pin,1,run_cv,
R87,R_0805_2012Metric,1,220R,
C42,C_0805_2012Metric,1,100n,
R75,R_0805_2012Metric,1,10k,
IC5,SO-14_3.9x8.65mm_P1.27mm,1,TL074,
R124,R_0805_2012Metric,1,220k,
D17,D_SOD-123,1,4V7,
R115,R_0805_2012Metric,1,220k,
R20,R_0805_2012Metric,1,30k,
J27,Pin_D1.4mm_L8.5mm_W2.8mm_FlatFork,1,chassis gnd,
J15,Banana_Jack_1Pin,1,out -U,
C43,C_0805_2012Metric,1,100n,
R123,R_0805_2012Metric,1,220R,
C44,C_0805_2012Metric,1,100n,
D29,LED_D3.0mm_Clear,1,LED_Dual_Bidirectional_Y,
C34,CAPAE430X610N,1,22µ,
C41,C_0805_2012Metric,1,100n,
C26,C_0805_2012Metric,1,100n,
R146,R_0805_2012Metric,1,100k,
R112,R_0805_2012Metric,1,82k,
J3,Banana_Jack_1Pin,1,ext_in,
R65,R_0805_2012Metric,1,100k,
C20,C_0805_2012Metric,1,100n,
R30,R_0805_2012Metric,1,51k,
R84,R_0805_2012Metric,1,100k,
FREQ_F1,MusicThingModular-9MM_SNAP-IN_POT,1,10k,
J8,Banana_Jack_1Pin,1,out_amp,
R62,R_0805_2012Metric,1,1k,
R54,R_0805_2012Metric,1,220k,
D15,D_SOD-123,1,4V7,
R110,R_0805_2012Metric,1,2k2,
D26,D_SOD-123,1,4V7,
R5,R_0805_2012Metric,1,30k,
R63,R_0805_2012Metric,1,100k,
C50,C_0805_2012Metric,1,100n,
J16,Banana_Jack_1Pin,1,out U,
D8,D_SOD-123,1,1N4004,
D20,D_SOD-123,1,1N4148W,
R113,R_0805_2012Metric,1,100k,
U6,SOIC-14_3.9x8.7mm_P1.27mm,1,TL074,
R36,R_0805_2012Metric,1,150k,
R104,R_0805_2012Metric,1,180k,
R129,R_0805_2012Metric,1,1k,
R90,R_0805_2012Metric,1,1k,
R34,R_0805_2012Metric,1,30k,
IC7,SOT-89-3,1,LM78L09,
C46,C_0805_2012Metric,1,100n,
R150,R_0805_2012Metric,1,1k,
R103,R_0805_2012Metric,1,82k,
D22,D_SOD-123,1,4V7,
C16,CAPAE430X610N,1,22µ,
R111,R_0805_2012Metric,1,220R,
R137,R_0805_2012Metric,1,1k,
C51,C_0805_2012Metric,1,100n,
R46,R_0805_2012Metric,1,10k,
R1,R_0805_2012Metric,1,51k,
C7,C_0805_2012Metric,1,220p,
C45,C_0805_2012Metric,1,100n,
R95,R_0805_2012Metric,1,10k,
R64,R_0805_2012Metric,1,100k,
R76,R_0805_2012Metric,1,4k7,
C54,C_0805_2012Metric,1,100n,
R31,R_0805_2012Metric,1,100k,
C19,C_0805_2012Metric,1,100n,
C18,C_0805_2012Metric,1,100n,
FREQ_CV_F1,MusicThingModular-9MM_SNAP-IN_POT,1,10k,
R22,R_0805_2012Metric,1,15k,
R127,R_0805_2012Metric,1,100k,
IC6,SO-14_3.9x8.65mm_P1.27mm,1,TL074,
R39,R_0805_2012Metric,1,15k,
C21,C_0805_2012Metric,1,100n,
U3,SOIC-14_3.9x8.7mm_P1.27mm,1,TL074,
R33,R_0805_2012Metric,1,30k,
R120,R_0805_2012Metric,1,1k,
R17,R_0805_2012Metric,1,100k,
R117,R_0805_2012Metric,1,RLED,
U2,SOIC-16_3.9x9.9mm_P1.27mm,1,LM13700,
R14,R_0805_2012Metric,1,15k,
R99,R_0805_2012Metric,1,1k,
D18,D_SOD-123,1,1N4148W,
U4,SOIC-14_3.9x8.7mm_P1.27mm,1,TL074,
R105,R_0805_2012Metric,1,220R,
damp_mod1,MusicThingModular-9MM_SNAP-IN_POT,1,100k,
J19,Banana_Jack_1Pin,1,out Y,
C4,C_0805_2012Metric,1,1n,
R121,R_0805_2012Metric,1,220R,
D9,D_SOD-123,1,1N4004,
R92,R_0805_2012Metric,1,330k,
R136,R_0805_2012Metric,1,1k,
Q4,SOT-23,1,BC857,
R102,R_0805_2012Metric,1,220R,
R143,R_0805_2012Metric,1,330k,
C33,CAPAE430X610N,1,22µ,
R59,R_0805_2012Metric,1,270k,
R100,R_0805_2012Metric,1,100k,
R37,R_0805_2012Metric,1,220R,
R4,R_0805_2012Metric,1,51k,
R52,R_0805_2012Metric,1,220R,
R96,R_0805_2012Metric,1,180k,
D21,D_SOD-123,1,4V7,
D13,D_SOD-123,1,1N5819,
R41,R_0805_2012Metric,1,51k,
R2,R_0805_2012Metric,1,51k,
C8,C_0805_2012Metric,1,220p,
rate_mod1,MusicThingModular-9MM_SNAP-IN_POT,1,100k,
J21,Banana_Jack_1Pin,1,out -X,
U5,SOIC-16_3.9x9.9mm_P1.27mm,1,LM13700,
D11,D_SOD-123,1,1N5819*,
C27,C_0805_2012Metric,1,100n,
R61,R_0805_2012Metric,1,1M,
R101,R_0805_2012Metric,1,2k2,
gain_mod1,MusicThingModular-9MM_SNAP-IN_POT,1,100k,
C49,C_0805_2012Metric,1,100n,
D3,D_SOD-123,1,1N4148W,
R9,R_0805_2012Metric,1,220R,
D1,D_SOD-123,1,1N4148W,
R49,R_0805_2012Metric,1,220R,
D27,LED_D3.0mm_Clear,1,LED_Dual_Bidirectional_U,
SW2,SW_Toggle_Blue_wSlots,1,SUBMINI_SPDT,
R32,R_0805_2012Metric,1,30k,
J36,PinHeader_1x10_P2.54mm_Vertical,1,CONN_6_M,
J37,PinSocket_1x10_P2.54mm_Vertical,1,CONN_6_P,
J13,PinHeader_1x10_P2.54mm_Vertical,1,CONN_4_M,
J32,PinHeader_1x10_P2.54mm_Vertical,1,CONN_5_M,
R18,R_Axial_DIN0207_L6.3mm_D2.5mm_P10.16mm_Horizontal,1,47k*,
D30,D_DO-35_SOD27_P7.62mm_Horizontal,1,1N4148W,
J41,PinHeader_1x10_P2.54mm_Vertical,1,CONN_3_M,
J39,PinSocket_1x10_P2.54mm_Vertical,1,CONN_1_P,
J31,PinSocket_1x10_P2.54mm_Vertical,1,CONN_4_P,
D31,D_DO-35_SOD27_P7.62mm_Horizontal,1,1N4148W,
J38,PinHeader_1x10_P2.54mm_Vertical,1,CONN_1_M,
J35,PinSocket_1x10_P2.54mm_Vertical,1,CONN_2_P,
J34,PinHeader_1x10_P2.54mm_Vertical,1,CONN_2_M,
J40,PinSocket_1x10_P2.54mm_Vertical,1,CONN_3_P,
J33,PinSocket_1x10_P2.54mm_Vertical,1,CONN_5_P,
